{"_wandb":{"runtime":39},"_step":5,"val_acc":0.8616666666666667,"val_loss":0.37357023246469073,"train_acc":0.8736111111111111,"test_acc":0.8542,"train_loss":0.34800974566903536,"_runtime":39.4032714,"_timestamp":1.7413463275690327e+09}