{"train_acc":0.9115185185185185,"val_loss":0.3157439845441073,"_wandb":{"runtime":56},"test_acc":0.8856,"train_loss":0.23232302870017063,"_step":10,"val_acc":0.8893333333333333,"_timestamp":1.7413568588287196e+09,"_runtime":56.6408755}