{"_timestamp":1.741348159710212e+09,"_step":10,"train_acc":0.9056481481481482,"val_loss":0.33410256415412504,"_runtime":161.0305814,"test_acc":0.8772,"train_loss":0.2510515892524587,"val_acc":0.8883333333333333,"_wandb":{"runtime":161}}