{"train_loss":1.5513268372202889,"test_acc":0.4285,"_runtime":61.7377281,"val_loss":1.4570246092282806,"_step":10,"_timestamp":1.7413534033477633e+09,"_wandb":{"runtime":61},"train_acc":0.4142037037037037,"val_acc":0.4365}