{"train_acc":0.8640555555555556,"_wandb":{"runtime":22},"val_acc":0.8541666666666666,"_runtime":22.2694438,"train_loss":0.3951946531027745,"_timestamp":1.7413589335606956e+09,"test_acc":0.8425,"_step":5,"val_loss":0.43172933771161676}