{"train_acc":0.8825185185185185,"val_loss":0.3518844879252858,"val_acc":0.8796666666666667,"train_loss":0.32427923163839034,"test_acc":0.8689,"_wandb":{"runtime":40},"_timestamp":1.7413550893606386e+09,"_step":10,"_runtime":40.9465367}