{"_step":10,"_wandb":{"runtime":31},"_runtime":31.4272633,"train_loss":0.4971403636237103,"train_acc":0.8173703703703704,"test_acc":0.8075,"val_loss":0.5006031442746165,"_timestamp":1.7413535312586741e+09,"val_acc":0.8166666666666667}