{"val_loss":0.5587587045465227,"_timestamp":1.7413447852709265e+09,"train_loss":0.5539376457504809,"test_acc":0.8468,"train_acc":0.8651851851851852,"_wandb":{"runtime":14},"_runtime":14.3546413,"val_acc":0.8623333333333333,"_step":10}