{"train_loss":0.3332683431673594,"_wandb":{"runtime":16},"_timestamp":1.7413458467843702e+09,"_runtime":16.6018604,"train_acc":0.8841481481481481,"test_acc":0.8626,"_step":10,"val_loss":0.3679248211953786,"val_acc":0.8718333333333333}