{"_runtime":72.0065868,"_timestamp":1.7413426103859787e+09,"_wandb":{"runtime":72},"val_loss":2.3039843176581862,"test_acc":0.1,"train_acc":0.09875925925925925,"val_acc":0.10316666666666667,"_step":10,"train_loss":2.301682736900465}