{"val_acc":0.8825,"_runtime":72.8726195,"train_loss":0.2670392929898245,"val_loss":0.33645351011811175,"_wandb":{"runtime":72},"test_acc":0.8752,"train_acc":0.9024074074074074,"_step":10,"_timestamp":1.7413584508422525e+09}