{"_timestamp":1.7413613532190473e+09,"_step":10,"train_acc":0.8285370370370371,"val_acc":0.8261666666666667,"_wandb":{"runtime":28},"val_loss":0.7327757471173039,"test_acc":0.8199,"train_loss":0.7341341843965876,"_runtime":28.6976355}