{"_wandb":{"runtime":29},"val_loss":2.3029104202816533,"_runtime":29.2192956,"val_acc":0.09166666666666666,"train_loss":2.3020798829371567,"train_acc":0.09725925925925925,"test_acc":0.1,"_timestamp":1.7413426467749226e+09,"_step":10}