{"val_acc":0.8791666666666667,"_timestamp":1.7413543625769122e+09,"test_acc":0.8734,"train_acc":0.8967592592592593,"_step":10,"val_loss":0.35496215500319683,"_wandb":{"runtime":109},"train_loss":0.2785267742241657,"_runtime":109.1247748}