{"val_acc":0.8565,"_timestamp":1.7413573571100235e+09,"_wandb":{"runtime":38},"train_loss":0.3547317339006324,"val_loss":0.39479537513789326,"_runtime":38.4542105,"train_acc":0.8729259259259259,"_step":10,"test_acc":0.8458}