{"_timestamp":1.7413427724258401e+09,"train_acc":0.8812037037037037,"_wandb":{"runtime":20},"train_loss":0.326247080343907,"val_acc":0.8745,"_step":10,"val_loss":0.34935621282574714,"_runtime":20.9609082,"test_acc":0.8665}