{"test_acc":0.8534,"_timestamp":1.7413528661951444e+09,"val_loss":0.4881199803334473,"_runtime":33.5433893,"train_loss":0.48785725941035873,"_step":5,"_wandb":{"runtime":33},"val_acc":0.8658333333333333,"train_acc":0.8676666666666667}