{"val_acc":0.8785,"_wandb":{"runtime":54},"_step":10,"train_loss":0.30205203888282434,"test_acc":0.8732,"_runtime":54.4509622,"train_acc":0.8891851851851852,"val_loss":0.33710811037808025,"_timestamp":1.7413549438305414e+09}