{"_runtime":28.5915565,"_wandb":{"runtime":28},"val_acc":0.8788333333333334,"_timestamp":1.7413444905165777e+09,"test_acc":0.8741,"_step":5,"train_loss":0.29256283992186205,"train_acc":0.8902777777777777,"val_loss":0.3228571483481244}