{"_wandb":{"runtime":133},"_timestamp":1.7413506234213197e+09,"val_loss":0.35732952667485113,"test_acc":0.8669,"_runtime":133.1037806,"val_acc":0.876,"train_loss":0.2932894773459215,"_step":10,"train_acc":0.89}