{"_runtime":114.2303771,"train_loss":0.27709866043203857,"train_acc":0.8975555555555556,"test_acc":0.8696,"val_acc":0.8795,"_step":10,"val_loss":0.3394613145272,"_timestamp":1.741348281896723e+09,"_wandb":{"runtime":114}}