{"test_acc":0.1,"_runtime":43.0869995,"_wandb":{"runtime":43},"train_acc":0.10051851851851852,"val_acc":0.09166666666666666,"val_loss":2.302710283392937,"_timestamp":1.7413538180049484e+09,"_step":5,"train_loss":2.302606131122971}