{"_runtime":208.9193842,"_timestamp":1.7415210490172098e+09,"_wandb":{"runtime":208},"val_acc":0.8895,"train_acc":0.9196481481481481,"test_acc":0.8814,"train_loss":0.21549638044631875,"val_loss":0.31367786975793777,"_step":21,"epoch":20,"test_confusion_matrix":{"height":1500,"_type":"image-file","sha256":"199b296f6ae0bdf0bd3925af532c3f0ea059d08b3253e38f968e45acfadef36e","size":86368,"path":"media/images/test_confusion_matrix_20_199b296f6ae0bdf0bd39.png","format":"png","width":2000}}