{"test_acc":0.8659,"train_acc":0.8833703703703704,"val_loss":0.3694404713285579,"val_acc":0.8711666666666666,"_runtime":32.8051097,"train_loss":0.33613537526566634,"_step":10,"_wandb":{"runtime":32},"_timestamp":1.7413571358709571e+09}