{"_step":10,"train_acc":0.8792592592592593,"_runtime":25.7926857,"test_acc":0.8543,"val_loss":0.36946047141916444,"_timestamp":1.7413577643799088e+09,"train_loss":0.3389042347515922,"_wandb":{"runtime":25},"val_acc":0.868}