{"_wandb":{"runtime":126},"_step":10,"test_acc":0.8803,"_timestamp":1.741346793919584e+09,"_runtime":126.9748808,"train_loss":0.2469734009047368,"val_loss":0.3213317135163469,"val_acc":0.8916666666666667,"train_acc":0.9072592592592592}