{"_timestamp":1.741357230937696e+09,"_step":10,"val_loss":0.4289131784346276,"_runtime":30.4079002,"train_loss":0.41048047996034265,"_wandb":{"runtime":30},"val_acc":0.874,"train_acc":0.8776111111111111,"test_acc":0.8645}