{"_wandb":{"runtime":20},"train_acc":0.888537037037037,"test_acc":0.867,"_runtime":20.5897846,"val_acc":0.8733333333333333,"_step":10,"train_loss":0.2927905273813257,"_timestamp":1.741357855755512e+09,"val_loss":0.34998941327159294}