{"val_loss":0.5647814415772763,"_step":10,"_runtime":66.5607371,"train_acc":0.8630555555555556,"_timestamp":1.741350696233184e+09,"train_loss":0.5800912739614467,"val_acc":0.8693333333333333,"test_acc":0.8567,"_wandb":{"runtime":66}}