{"_wandb":{"runtime":287},"val_acc":0.8688333333333333,"train_loss":0.389576590586802,"val_loss":0.43076462331666604,"_runtime":287.6333894,"train_acc":0.8835,"_timestamp":1.7413451276621687e+09,"_step":10,"test_acc":0.8645}