{"val_acc":0.852,"_step":10,"_timestamp":1.7413593258462238e+09,"val_loss":0.4077427435800916,"train_acc":0.8662222222222222,"_wandb":{"runtime":19},"_runtime":19.8506118,"train_loss":0.37071345103193504,"test_acc":0.8454}