{"_wandb":{"runtime":40},"test_acc":0.8144,"_timestamp":1.7413542465887566e+09,"val_acc":0.8206666666666667,"_runtime":40.895362,"_step":10,"train_acc":0.8256481481481481,"val_loss":0.4953420357725441,"train_loss":0.49892692872547123}