{"val_acc":0.8733333333333333,"_runtime":38.5479747,"train_acc":0.8818888888888889,"val_loss":0.34696638203110675,"train_loss":0.3256343879979278,"test_acc":0.8656,"_step":10,"_timestamp":1.7413558640805824e+09,"_wandb":{"runtime":38}}