{"_step":10,"test_acc":0.8723,"_wandb":{"runtime":72},"val_loss":0.4135255136485966,"_runtime":72.67624,"train_acc":0.8837777777777778,"train_loss":0.40099762477958045,"val_acc":0.8826666666666667,"_timestamp":1.7413479918566492e+09}