{"_runtime":17.8779814,"_timestamp":1.7413499082684612e+09,"train_loss":0.3667510826008202,"train_acc":0.8869444444444444,"val_loss":0.41144795452483685,"test_acc":0.8655,"_step":10,"_wandb":{"runtime":17},"val_acc":0.8741666666666666}