{"_timestamp":1.7413540388813567e+09,"_wandb":{"runtime":19},"_runtime":19.8487493,"_step":10,"train_acc":0.8716296296296296,"test_acc":0.8577,"val_acc":0.8655,"train_loss":0.35857716200691947,"val_loss":0.3707642783160307}