{"train_acc":0.8814814814814815,"val_loss":0.35781113750126625,"_timestamp":1.7413457014906847e+09,"train_loss":0.32374906274760035,"_runtime":14.755973000000001,"test_acc":0.8622,"val_acc":0.8728333333333333,"_wandb":{"runtime":14},"_step":5}