{"_timestamp":1.7413510261185522e+09,"_step":5,"train_acc":0.8868148148148148,"train_loss":0.30547663131827274,"val_loss":0.34821447744024137,"val_acc":0.8773333333333333,"_runtime":19.6487492,"test_acc":0.869,"_wandb":{"runtime":19}}