{"_timestamp":1.7413604646004603e+09,"test_acc":0.8683,"_wandb":{"runtime":79},"train_loss":0.2913330160857019,"val_loss":0.33109500972635886,"val_acc":0.8796666666666667,"_step":10,"train_acc":0.8929814814814815,"_runtime":79.4742089}