{"val_acc":0.8695,"_wandb":{"runtime":26},"train_acc":0.8771851851851852,"test_acc":0.8617,"train_loss":0.34281062119391187,"_runtime":26.1133887,"_step":10,"val_loss":0.3641126213423932,"_timestamp":1.7413573873983731e+09}