{"_timestamp":1.741359454200098e+09,"val_loss":0.4059278089911754,"_wandb":{"runtime":62},"test_acc":0.8789,"val_acc":0.8888333333333334,"_runtime":62.9014991,"_step":10,"train_loss":0.3606806534205453,"train_acc":0.8977222222222222}