{"train_loss":0.25642104821378353,"val_loss":0.35247066475596905,"_wandb":{"runtime":158},"_runtime":158.4712718,"_timestamp":1.7413455434058518e+09,"_step":10,"val_acc":0.8801666666666667,"train_acc":0.9037592592592593,"test_acc":0.8768}