{"val_loss":0.3862725591736302,"train_loss":0.3140116060042183,"val_acc":0.8653333333333333,"_runtime":24.1610052,"_wandb":{"runtime":24},"_step":10,"train_acc":0.8830555555555556,"_timestamp":1.7413461844903378e+09,"test_acc":0.8651}