{"train_loss":0.27694419178381174,"_wandb":{"runtime":97},"_runtime":97.2672092,"_step":10,"test_acc":0.8714,"val_acc":0.8798333333333334,"_timestamp":1.7413580881105618e+09,"train_acc":0.8982592592592593,"val_loss":0.3270878952419498}