{"_wandb":{"runtime":96},"val_acc":0.8818333333333334,"test_acc":0.8744,"train_acc":0.9068148148148149,"_runtime":96.5102768,"_step":10,"train_loss":0.2492581068018102,"_timestamp":1.7413612080964835e+09,"val_loss":0.33731797693177074}