{"train_acc":0.905074074074074,"test_acc":0.8765,"_runtime":31.9697384,"_step":10,"train_loss":0.24939486877275915,"_wandb":{"runtime":31},"_timestamp":1.7413616273959625e+09,"val_acc":0.8856666666666667,"val_loss":0.31862550599965617}