{"test_acc":0.1,"_runtime":34.1483633,"_timestamp":1.7413539313924325e+09,"train_acc":0.09512962962962963,"train_loss":2.304263602220206,"val_acc":0.09833333333333333,"_step":5,"_wandb":{"runtime":34},"val_loss":2.304266869073586}