{"_timestamp":1.7413490803649433e+09,"_runtime":127.6051276,"train_acc":0.8636481481481482,"train_loss":0.5488401526265434,"_wandb":{"runtime":127},"_step":10,"val_loss":0.5642241893595644,"val_acc":0.8536666666666667,"test_acc":0.8468}