{"val_loss":0.3765350929960404,"_timestamp":1.7413456820962884e+09,"_step":10,"train_acc":0.8889074074074074,"val_acc":0.8623333333333333,"_wandb":{"runtime":22},"train_loss":0.3028465623393166,"_runtime":22.0999255,"test_acc":0.8568}