{"_step":10,"train_loss":0.24916017186963918,"_wandb":{"runtime":22},"val_loss":0.32058610401920357,"_runtime":22.6707875,"val_acc":0.89,"_timestamp":1.741361956251626e+09,"test_acc":0.8811,"train_acc":0.9058518518518518}