{"_wandb":{"runtime":25},"test_acc":0.8462,"val_loss":0.6167399593326738,"_runtime":25.9234994,"val_acc":0.857,"_step":10,"train_loss":0.5940528295095975,"train_acc":0.8685,"_timestamp":1.741342744764068e+09}