{"train_acc":0.9111851851851852,"test_acc":0.8792,"train_loss":0.23302508697929988,"_step":10,"val_loss":0.33617898724098993,"_runtime":74.386758,"val_acc":0.8875,"_wandb":{"runtime":74},"_timestamp":1.7413438315009053e+09}