{"_runtime":54.2915059,"train_acc":0.8837962962962963,"test_acc":0.8606,"val_acc":0.8715,"train_loss":0.3262891106135768,"val_loss":0.35685931506303475,"_wandb":{"runtime":54},"_timestamp":1.7413446179488094e+09,"_step":10}