{"train_acc":0.8888703703703704,"val_loss":0.3617493841974041,"_runtime":132.397851,"_wandb":{"runtime":132},"train_loss":0.2980909793175619,"_step":10,"test_acc":0.8627,"_timestamp":1.741349339901265e+09,"val_acc":0.875}