{"_step":10,"val_acc":0.8768333333333334,"_timestamp":1.7413487420973496e+09,"test_acc":0.8695,"_runtime":87.0541019,"train_loss":0.29936928386905803,"_wandb":{"runtime":87},"train_acc":0.8895925925925926,"val_loss":0.32935877430715615}