{"_runtime":54.1940771,"train_loss":0.31212401276486923,"_timestamp":1.741346146675199e+09,"val_loss":0.3323017135858961,"_wandb":{"runtime":54},"train_acc":0.8837592592592592,"test_acc":0.8693,"_step":5,"val_acc":0.8795}