{"train_loss":0.5741499197126381,"_timestamp":1.7413463864303818e+09,"val_acc":0.8553333333333333,"test_acc":0.8448,"_wandb":{"runtime":11},"train_acc":0.8549074074074074,"_step":5,"val_loss":0.5669098484127076,"_runtime":11.9589174}