{"val_acc":0.8531666666666666,"train_loss":0.43923364413558247,"val_loss":0.4487666570422586,"test_acc":0.8461,"_wandb":{"runtime":16},"train_acc":0.854537037037037,"_timestamp":1.741360578687882e+09,"_runtime":16.9595159,"_step":5}