{"test_acc":0.8703,"_wandb":{"runtime":23},"val_acc":0.8745,"val_loss":0.33688485747806896,"_runtime":23.6099465,"_step":10,"_timestamp":1.7413501584384844e+09,"train_acc":0.8992407407407408,"train_loss":0.2695081862450498}