{"test_confusion_matrix":{"width":2000,"height":1500,"_type":"image-file","sha256":"d002c78685a5bb4708456114cf607807b45c71488fbd76147944f262e78ad9d0","size":90025,"path":"media/images/test_confusion_matrix_1_d002c78685a5bb470845.png","format":"png"},"train_acc":0.6383333333333333,"train_loss":0.915320764076563,"val_acc":0.6878333333333333,"val_loss":0.746663797552217,"test_acc":0.6981,"_step":2,"_timestamp":1.7415213160954971e+09,"epoch":1,"_runtime":4.8498731,"_wandb":{"runtime":4}}