{"_runtime":59.5855263,"val_acc":0.8818333333333334,"_timestamp":1.7413561077995014e+09,"train_loss":0.29473980543631567,"_wandb":{"runtime":59},"train_acc":0.8925925925925926,"test_acc":0.8747,"val_loss":0.32914239809478224,"_step":10}