{"train_acc":0.8980370370370371,"_step":10,"val_acc":0.8785,"_wandb":{"runtime":40},"train_loss":0.27883417669397076,"_timestamp":1.741346554055315e+09,"_runtime":40.9488054,"val_loss":0.34647905482215574,"test_acc":0.8701}