{"train_loss":0.40823452115833186,"train_acc":0.8785740740740741,"val_loss":0.4300743447076589,"test_acc":0.8577,"_wandb":{"runtime":31},"_runtime":31.5291948,"_step":10,"val_acc":0.866,"_timestamp":1.7413588245619717e+09}