{"val_loss":0.330182847715927,"test_acc":0.8731,"_wandb":{"runtime":39},"_timestamp":1.7413443963132858e+09,"train_loss":0.29212102631921477,"_runtime":39.9443089,"train_acc":0.8907592592592593,"val_acc":0.8835,"_step":5}