{"val_acc":0.8636666666666667,"_wandb":{"runtime":91},"_timestamp":1.741347654128423e+09,"val_loss":0.4710650778677551,"_runtime":91.9697868,"_step":10,"train_acc":0.8722037037037037,"train_loss":0.4367923300977684,"test_acc":0.8586}