{"val_loss":0.3449696424321774,"test_acc":0.8596,"_timestamp":1.7413477236626718e+09,"_step":5,"_runtime":65.0886505,"val_acc":0.8701666666666666,"train_loss":0.31156509749455413,"train_acc":0.8838333333333334,"_wandb":{"runtime":65}}