{"val_loss":0.3419700214555315,"test_acc":0.8689,"_wandb":{"runtime":60},"_runtime":60.3546686,"train_loss":0.27643014333796845,"train_acc":0.8963703703703704,"val_acc":0.8766666666666667,"_step":10,"_timestamp":1.7413436320698466e+09}