{"train_acc":0.879962962962963,"val_acc":0.8701666666666666,"train_loss":0.4125691563955725,"_runtime":220.355126,"_step":10,"test_acc":0.8675,"_wandb":{"runtime":220},"_timestamp":1.7413485098641214e+09,"val_loss":0.4317295433654975}