{"train_acc":0.8824814814814815,"_step":10,"test_acc":0.8642,"val_acc":0.8773333333333333,"_timestamp":1.741354849139876e+09,"train_loss":0.32269089549833513,"_runtime":39.6622491,"_wandb":{"runtime":39},"val_loss":0.3417145241898183}