{"val_acc":0.8716666666666667,"_timestamp":1.7413582373169386e+09,"_runtime":40.153158,"val_loss":0.4464038140389539,"train_loss":0.40973387744168976,"_wandb":{"runtime":40},"_step":10,"train_acc":0.881537037037037,"test_acc":0.8654}