{"val_loss":0.3417619195341281,"_step":10,"_wandb":{"runtime":56},"train_loss":0.30817571844848807,"_runtime":56.1646408,"train_acc":0.8877592592592592,"test_acc":0.8652,"val_acc":0.873,"_timestamp":1.7413560324011917e+09}