{"_runtime":39.4941256,"train_loss":0.264301177061922,"_wandb":{"runtime":39},"val_loss":0.33053707307443125,"val_acc":0.8813333333333333,"_step":10,"test_acc":0.8812,"_timestamp":1.7413584969864547e+09,"train_acc":0.899074074074074}