{"_runtime":40.3073451,"_step":10,"val_acc":0.8825,"train_loss":0.32447089051594036,"test_acc":0.8655,"val_loss":0.3471639266196121,"_wandb":{"runtime":40},"train_acc":0.8825,"_timestamp":1.741355721249344e+09}