{"_timestamp":1.7413512520419126e+09,"val_loss":0.5148516067135733,"val_acc":0.8558333333333333,"_step":10,"test_acc":0.8418,"_runtime":134.2830158,"train_acc":0.8632962962962963,"_wandb":{"runtime":134},"train_loss":0.4818310629751496}