{"train_acc":0.8787962962962963,"train_loss":0.4030810205669629,"val_acc":0.8705,"test_acc":0.8612,"val_loss":0.4306334418201432,"_runtime":137.9788537,"_timestamp":1.7413475478487113e+09,"_step":10,"_wandb":{"runtime":137}}