{"_wandb":{"runtime":20},"_timestamp":1.741359006503375e+09,"train_acc":0.8738703703703704,"test_acc":0.8596,"val_acc":0.8678333333333333,"_step":10,"val_loss":0.3750122617815435,"_runtime":20.5909697,"train_loss":0.3519472848053238}