{"test_acc":0.1,"val_loss":2.302721341775141,"_wandb":{"runtime":60},"val_acc":0.09166666666666666,"_timestamp":1.7413625629631152e+09,"train_loss":2.300553014324002,"train_acc":0.10087037037037037,"_runtime":60.645504,"_step":10}