{"_step":5,"val_loss":0.33997011781331793,"_runtime":19.9266559,"_timestamp":1.741344190201139e+09,"val_acc":0.8773333333333333,"train_loss":0.329763339524627,"train_acc":0.8808333333333334,"test_acc":0.8695,"_wandb":{"runtime":19}}