{"val_loss":0.3356992339214421,"val_acc":0.8806666666666667,"_step":5,"_runtime":12.6812145,"test_acc":0.8713,"train_acc":0.8869814814814815,"train_loss":0.30387477954009745,"_timestamp":1.7413488321744905e+09,"_wandb":{"runtime":12}}