{"train_acc":0.8982592592592593,"_wandb":{"runtime":88},"_timestamp":1.7413545911942363e+09,"train_loss":0.27378821380077856,"_step":10,"val_acc":0.8896666666666667,"val_loss":0.31120155868490257,"_runtime":88.7574588,"test_acc":0.8764}