{"val_acc":0.8275,"train_loss":0.4426567887541134,"_runtime":31.1993043,"_timestamp":1.7413599633913891e+09,"val_loss":0.4827739339141726,"test_acc":0.8246,"_wandb":{"runtime":31},"train_acc":0.8376296296296296,"_step":10}