{"test_acc":0.8709,"_step":10,"val_acc":0.8761666666666666,"_wandb":{"runtime":192},"_runtime":192.2238435,"train_loss":0.26245920580617543,"val_loss":0.3645246938670537,"_timestamp":1.741361825024839e+09,"train_acc":0.9030555555555555}