{"_runtime":75.6244282,"_timestamp":1.7413561969643722e+09,"train_acc":0.801537037037037,"_step":10,"_wandb":{"runtime":75},"val_loss":0.5573749321278527,"train_loss":0.5684202156668019,"test_acc":0.7974,"val_acc":0.8031666666666667}