{"train_loss":0.24615629349741744,"_runtime":46.4495264,"_wandb":{"runtime":46},"test_acc":0.8719,"val_acc":0.8721666666666666,"_timestamp":1.7413620169070737e+09,"train_acc":0.9063333333333333,"val_loss":0.3411623376623298,"_step":10}