{"train_acc":0.9023148148148148,"test_acc":0.8799,"_wandb":{"runtime":62},"_step":10,"_timestamp":1.741348812793672e+09,"val_loss":0.32924195686764524,"val_acc":0.8855,"_runtime":62.165163,"train_loss":0.2610556866600836}