{"_wandb":{"runtime":16},"val_loss":2.303518978093894,"val_acc":0.0995,"_step":5,"_runtime":16.1964323,"train_acc":0.09803703703703703,"_timestamp":1.7413528270751004e+09,"test_acc":0.1,"train_loss":2.303269920983298}