{"_wandb":{"runtime":47},"val_acc":0.884,"test_acc":0.8734,"train_loss":0.29205797939356953,"_runtime":47.296008,"val_loss":0.33129913610517164,"_step":10,"train_acc":0.8930185185185185,"_timestamp":1.7413575937648256e+09}