{"_timestamp":1.7413437497492206e+09,"_wandb":{"runtime":40},"_runtime":40.5106494,"_step":5,"test_acc":0.1,"train_loss":2.303313370847708,"train_acc":0.1005,"val_loss":2.3029498486829474,"val_acc":0.10316666666666667}