{"train_loss":0.4953694423015783,"_timestamp":1.741349557561389e+09,"train_acc":0.8556851851851852,"val_acc":0.8118333333333333,"test_acc":0.8088,"_step":5,"val_loss":0.6002060337998258,"_wandb":{"runtime":59},"_runtime":59.7108741}