{"val_acc":0.8745,"train_acc":0.8705,"train_loss":0.4207176431670252,"_timestamp":1.7413458222053232e+09,"_runtime":113.6498313,"_step":5,"_wandb":{"runtime":113},"val_loss":0.42274417448261414,"test_acc":0.8629}