{"train_loss":0.9282638482131632,"_wandb":{"runtime":4},"val_acc":0.7006666666666667,"train_acc":0.6349074074074074,"_runtime":4.5311665,"val_loss":0.7910218802530964,"test_acc":0.6991,"test_confusion_matrix":{"_type":"image-file","sha256":"a3da5aed31980d213ae33a47a6095ca7e0ba4169ae951bb3f43a0085278f27ab","size":91204,"path":"media/images/test_confusion_matrix_1_a3da5aed31980d213ae3.png","format":"png","width":2000,"height":1500},"_timestamp":1.7415242391980743e+09,"_step":2,"epoch":1}