{"_step":10,"val_loss":0.3881902373306622,"train_loss":0.3810263856947573,"val_acc":0.858,"_runtime":23.879692,"train_acc":0.8643703703703703,"test_acc":0.8501,"_wandb":{"runtime":23},"_timestamp":1.7413565492523265e+09}