{"test_acc":0.8434,"train_acc":0.8539074074074074,"_wandb":{"runtime":11},"_timestamp":1.7413424219294343e+09,"train_loss":0.593624478047248,"val_loss":0.5878267427932601,"val_acc":0.8543333333333333,"_step":5,"_runtime":11.6412834}