{"val_loss":0.43654684838595637,"val_acc":0.8731666666666666,"test_acc":0.8638,"_wandb":{"runtime":238},"train_acc":0.8832037037037037,"_step":10,"_runtime":238.0304054,"train_loss":0.40362421530802983,"_timestamp":1.7413431116569715e+09}