{"train_loss":0.26644666573548675,"_step":10,"_wandb":{"runtime":44},"train_acc":0.9026666666666666,"test_acc":0.8742,"val_loss":0.32877111366579925,"val_acc":0.8818333333333334,"_timestamp":1.7413444483128467e+09,"_runtime":44.1167507}