{"_wandb":{"runtime":47},"val_loss":0.33136150581229584,"test_acc":0.874,"_timestamp":1.7413595555079637e+09,"_step":5,"train_acc":0.8876296296296297,"val_acc":0.8798333333333334,"_runtime":47.4827883,"train_loss":0.3026651834169374}