{"val_loss":0.46257134163789687,"val_acc":0.8788333333333334,"_wandb":{"runtime":92},"train_loss":0.40824183336868164,"train_acc":0.8933888888888889,"_timestamp":1.7413577302325501e+09,"test_acc":0.8695,"_step":10,"_runtime":92.1675611}