{"train_acc":0.0997962962962963,"_runtime":29.2500683,"train_loss":2.302917036637678,"_step":10,"val_loss":2.3031992666794823,"val_acc":0.09783333333333333,"_wandb":{"runtime":29},"_timestamp":1.7413540754166474e+09,"test_acc":0.1}