{"_step":5,"train_acc":0.8851666666666667,"val_loss":0.3447248683109239,"test_acc":0.8709,"train_loss":0.30694682915865174,"val_acc":0.8768333333333334,"_runtime":69.7311883,"_wandb":{"runtime":69},"_timestamp":1.7413456182882454e+09}