{"test_acc":0.8635,"val_acc":0.875,"_wandb":{"runtime":35},"val_loss":0.34204307884572743,"train_acc":0.8852777777777778,"_runtime":35.3230141,"_step":10,"train_loss":0.314936277921668,"_timestamp":1.7413555042959723e+09}