{"_wandb":{"runtime":11},"_step":5,"val_loss":2.313165287560213,"test_acc":0.1,"train_acc":0.10077777777777777,"_timestamp":1.741342533026614e+09,"val_acc":0.09166666666666666,"_runtime":11.7293605,"train_loss":2.31709953556079}