{"train_acc":0.905,"val_loss":0.32047241285803124,"_runtime":181.3908679,"_step":10,"_timestamp":1.7413433749129207e+09,"test_acc":0.8826,"train_loss":0.2524994424819204,"val_acc":0.8876666666666667,"_wandb":{"runtime":181}}