{"val_loss":2.3030957150914477,"_step":10,"_timestamp":1.7413538882998264e+09,"_wandb":{"runtime":28},"val_acc":0.0995,"train_acc":0.09788888888888889,"train_loss":2.3033129438205937,"test_acc":0.1,"_runtime":28.2002691}