{"_timestamp":1.741360521306605e+09,"train_loss":0.30955494429870356,"_step":5,"test_acc":0.8651,"val_acc":0.8768333333333334,"_runtime":13.4134771,"_wandb":{"runtime":13},"train_acc":0.8845,"val_loss":0.3481261068619864}