{"test_acc":0.8661,"val_acc":0.8693333333333333,"_timestamp":1.7413567547965996e+09,"_step":10,"train_loss":0.28765407366053247,"train_acc":0.8930555555555556,"val_loss":0.3586836383937328,"_runtime":75.2978014,"_wandb":{"runtime":75}}