{"val_acc":0.8786666666666667,"_timestamp":1.741362053802849e+09,"_wandb":{"runtime":29},"_step":10,"_runtime":29.3958493,"train_loss":0.37687558545882266,"train_acc":0.8858148148148148,"test_acc":0.8653,"val_loss":0.41290927090516816}