{"val_acc":0.8776666666666667,"train_loss":0.4085953106726562,"_step":10,"_wandb":{"runtime":65},"_timestamp":1.741342865328846e+09,"train_acc":0.8823518518518518,"val_loss":0.4270537653307862,"test_acc":0.8686,"_runtime":65.8424305}