{"_runtime":87.3741064,"test_acc":0.8703,"val_acc":0.881,"_step":10,"train_loss":0.29912820964273057,"train_acc":0.8896666666666667,"val_loss":0.33351728978752254,"_wandb":{"runtime":87},"_timestamp":1.7413502541971035e+09}