{"train_acc":0.8750555555555556,"val_loss":0.4776820406547648,"_runtime":51.7562548,"test_acc":0.8175,"train_loss":0.34313055285218635,"_step":10,"_timestamp":1.7413565185778966e+09,"val_acc":0.8226666666666667,"_wandb":{"runtime":51}}