{"_wandb":{"runtime":42},"val_acc":0.877,"_timestamp":1.7413589806506476e+09,"_step":10,"test_acc":0.8677,"val_loss":0.3622627146881743,"train_loss":0.2945126583982058,"train_acc":0.8898888888888888,"_runtime":42.5071265}