{"val_loss":0.34106865485368965,"_wandb":{"runtime":130},"train_acc":0.899,"_timestamp":1.741349830530837e+09,"_runtime":130.0240098,"val_acc":0.8781666666666667,"train_loss":0.27046107561715826,"test_acc":0.8736,"_step":10}