{"_timestamp":1.7413593834295082e+09,"_runtime":50.4430713,"val_acc":0.8775,"train_loss":0.3034939192468393,"test_acc":0.8688,"_wandb":{"runtime":50},"val_loss":0.3397216631732679,"train_acc":0.8899074074074074,"_step":10}