{"val_acc":0.8841666666666667,"train_acc":0.898962962962963,"_timestamp":1.741356956561899e+09,"_wandb":{"runtime":90},"val_loss":0.32465849173210753,"test_acc":0.8759,"_step":10,"train_loss":0.27690084787366226,"_runtime":90.6685105}