{"_runtime":15.9301308,"_step":10,"train_acc":0.37451851851851853,"val_loss":8.8437027481421,"val_acc":0.36983333333333335,"train_loss":9.420980032328657,"test_acc":0.3796,"_timestamp":1.7413537148228831e+09,"_wandb":{"runtime":15}}