{"_step":10,"test_acc":0.8449,"train_loss":0.45273569546260445,"train_acc":0.8580555555555556,"_timestamp":1.7413578300272696e+09,"val_loss":0.45996793307900646,"_runtime":16.3587994,"_wandb":{"runtime":16},"val_acc":0.856}