{"_wandb":{"runtime":22},"val_loss":0.32670058861114526,"val_acc":0.8821666666666667,"test_acc":0.8731,"_step":10,"_timestamp":1.7413628134722056e+09,"train_acc":0.8997407407407407,"train_loss":0.2711249919947275,"_runtime":22.2187539}