{"val_loss":0.4140997350354378,"_timestamp":1.741344007620395e+09,"train_loss":0.34432341859847015,"train_acc":0.8743518518518518,"val_acc":0.8486666666666667,"_step":5,"test_acc":0.8357,"_wandb":{"runtime":54},"_runtime":54.939948}