{"_timestamp":1.741349882748956e+09,"val_loss":0.8426512514489616,"val_acc":0.8016666666666666,"test_acc":0.8019,"_runtime":28.3729119,"train_loss":0.8104790468674135,"_step":10,"_wandb":{"runtime":28},"train_acc":0.8051296296296296}