{"_step":10,"_wandb":{"runtime":16},"train_acc":0.8618333333333333,"_timestamp":1.7413460452649863e+09,"_runtime":16.842496,"val_acc":0.857,"test_acc":0.8498,"train_loss":0.6130685584225284,"val_loss":0.626650014877639}