{"_step":5,"train_loss":0.32063525549026006,"val_acc":0.8705,"_timestamp":1.7413445553148608e+09,"test_acc":0.8581,"val_loss":0.3509620643418998,"_wandb":{"runtime":23},"train_acc":0.8832407407407408,"_runtime":23.5604038}