{"val_acc":0.8708333333333333,"train_acc":0.8920555555555556,"_runtime":132.6832642,"_step":10,"test_acc":0.8636,"_timestamp":1.741348649684874e+09,"train_loss":0.2932689700592806,"_wandb":{"runtime":132},"val_loss":0.3652764260955033}