{"_wandb":{"runtime":6},"_step":5,"val_loss":0.38453637645557226,"train_loss":0.37096169486244995,"val_acc":0.8666666666666667,"_runtime":6.855906,"train_acc":0.8690740740740741,"test_acc":0.8562,"_timestamp":1.7413460021505105e+09}