{"_timestamp":1.7413579845949347e+09,"train_acc":0.8884444444444445,"test_acc":0.871,"_wandb":{"runtime":69},"_runtime":69.0409018,"val_loss":0.3451869817863483,"val_acc":0.8811666666666667,"train_loss":0.3033034789107929,"_step":10}