{"val_acc":0.09166666666666666,"test_acc":0.1,"_timestamp":1.7413529229962232e+09,"_wandb":{"runtime":43},"_runtime":43.3209953,"train_acc":0.1009074074074074,"val_loss":2.302703902795627,"train_loss":2.3019075652615997,"_step":10}