{"train_loss":0.5937059910273317,"_wandb":{"runtime":125},"train_acc":0.8553148148148149,"_step":10,"_runtime":125.8698049,"test_acc":0.8515,"val_loss":0.5823202983539791,"val_acc":0.861,"_timestamp":1.7413503882188008e+09}