{"train_loss":0.4184844909371462,"test_acc":0.8553,"_wandb":{"runtime":73},"val_loss":0.45582330483965783,"_step":10,"_runtime":73.5459688,"train_acc":0.8789259259259259,"val_acc":0.8718333333333333,"_timestamp":1.741343565942192e+09}