{"_timestamp":1.7413592005902698e+09,"test_acc":0.8497,"_runtime":22.3687607,"train_loss":0.43225265451629835,"val_loss":0.44482990910578446,"_wandb":{"runtime":22},"_step":10,"val_acc":0.8616666666666667,"train_acc":0.8647592592592592}