{"test_acc":0.8725,"_timestamp":1.7413453787254639e+09,"_wandb":{"runtime":73},"val_loss":0.34074064642586993,"val_acc":0.8831666666666667,"train_acc":0.8978888888888888,"_runtime":73.2190707,"train_loss":0.27483586960801826,"_step":10}