{"_runtime":17.8740115,"_step":10,"val_acc":0.8465,"_timestamp":1.7413585611431136e+09,"_wandb":{"runtime":17},"train_acc":0.8715185185185185,"val_loss":0.4201933635559495,"test_acc":0.8383,"train_loss":0.35009137157794445}