{"_wandb":{"runtime":54},"train_acc":0.8798148148148148,"val_loss":0.3465683656781635,"train_loss":0.33269269220078135,"test_confusion_matrix":{"sha256":"9f162d63445f09879a49ad48c1b686c2c87a437c95a7a0a055bd3f084ee7ac0f","size":88113,"path":"media/images/test_confusion_matrix_5_9f162d63445f09879a49.png","format":"png","width":2000,"height":1500,"_type":"image-file"},"_runtime":54.5045114,"epoch":5,"val_acc":0.8738333333333334,"_timestamp":1.7415233333897765e+09,"test_acc":0.8626,"_step":6}