{"train_loss":0.48961436141618103,"test_acc":0.8589,"val_acc":0.8661666666666666,"_wandb":{"runtime":30},"_step":5,"val_loss":0.49482293856439213,"_timestamp":1.741352990768555e+09,"_runtime":30.5181192,"train_acc":0.8683333333333333}