{"_timestamp":1.7413615880107732e+09,"test_acc":0.876,"train_loss":0.2310012614930122,"train_acc":0.9118703703703703,"val_acc":0.8801666666666667,"_wandb":{"runtime":47},"val_loss":0.349159131367963,"_runtime":47.464208,"_step":10}