{"val_loss":0.33504287360417895,"_runtime":24.9341107,"train_loss":0.2662025569482838,"val_acc":0.8775,"test_acc":0.8716,"_step":10,"train_acc":0.901,"_timestamp":1.7413446566755877e+09,"_wandb":{"runtime":24}}