{"test_acc":0.7449,"_wandb":{"runtime":49},"_timestamp":1.7413583733279011e+09,"_runtime":49.2459115,"_step":10,"train_acc":0.7454444444444445,"val_acc":0.7436666666666667,"val_loss":0.7008983913350769,"train_loss":0.6904719390558614}