{"val_acc":0.8741666666666666,"test_acc":0.8685,"train_loss":0.4224103249390775,"train_acc":0.8918148148148148,"_wandb":{"runtime":89},"_step":10,"_runtime":89.6550439,"val_loss":0.47477876186022566,"_timestamp":1.7413548038818595e+09}