{"test_acc":0.8639,"val_acc":0.8726666666666667,"_wandb":{"runtime":276},"train_acc":0.895,"val_loss":0.36047958643589567,"_timestamp":1.7413624454670513e+09,"_runtime":276.3406111,"_step":10,"train_loss":0.2824192210203415}