{"_step":10,"_wandb":{"runtime":42},"val_acc":0.09166666666666666,"train_acc":0.0994074074074074,"_timestamp":1.741360982016978e+09,"_runtime":42.830233,"test_acc":0.1,"train_loss":2.3021202283511153,"val_loss":2.3031195953971673}