{"train_loss":0.39452486243952195,"val_loss":0.4157761892154134,"test_acc":0.8616,"val_acc":0.8746666666666667,"train_acc":0.8837407407407407,"_wandb":{"runtime":39},"_runtime":39.976654,"_timestamp":1.7413579020374842e+09,"_step":10}