{"_step":10,"train_acc":0.8726111111111111,"_wandb":{"runtime":24},"val_loss":0.45352333079304674,"train_loss":0.43573584606461285,"val_acc":0.8661666666666666,"_runtime":24.6523531,"test_acc":0.859,"_timestamp":1.741358535120097e+09}