{"train_loss":2.3034031457747766,"_wandb":{"runtime":28},"val_loss":2.303102974240286,"train_acc":0.1005,"test_acc":0.1,"val_acc":0.09166666666666666,"_timestamp":1.7413425079000175e+09,"_runtime":28.6186832,"_step":5}