{"val_loss":0.31782605965225086,"_step":10,"_wandb":{"runtime":50},"_runtime":50.7697878,"val_acc":0.8901666666666667,"test_acc":0.881,"_timestamp":1.7413609307032201e+09,"train_loss":0.23821619861392304,"train_acc":0.9096481481481481}