{"val_acc":0.8758333333333334,"_step":10,"train_loss":0.2967039626896144,"val_loss":0.35278994840717,"_timestamp":1.7413582920930626e+09,"_wandb":{"runtime":47},"_runtime":47.0338626,"test_acc":0.8662,"train_acc":0.8902592592592593}