{"_step":10,"val_acc":0.8806666666666667,"_wandb":{"runtime":57},"train_acc":0.8859814814814815,"_timestamp":1.7413562685714583e+09,"train_loss":0.4331468462901668,"test_acc":0.8707,"val_loss":0.45877370428056197,"_runtime":57.1264768}