{"val_acc":0.8046666666666666,"train_loss":0.5393421147101383,"_wandb":{"runtime":29},"_runtime":29.6101794,"train_acc":0.8095,"val_loss":0.5481718170195251,"_step":10,"test_acc":0.7995,"_timestamp":1.7413574228911004e+09}