{"val_acc":0.8823333333333333,"_runtime":25.7328602,"train_loss":0.25262570342572116,"val_loss":0.343135420953819,"_wandb":{"runtime":25},"_timestamp":1.741346432602333e+09,"test_acc":0.8734,"_step":10,"train_acc":0.9052037037037037}