{"_wandb":{"runtime":115},"val_loss":0.33495986841988673,"val_acc":0.8813333333333333,"_timestamp":1.7413494602622695e+09,"train_acc":0.9084814814814814,"test_acc":0.8754,"_step":10,"train_loss":0.24741482108247376,"_runtime":115.3278903}