{"_runtime":12.6424773,"train_loss":2.3019646404252896,"_step":5,"_wandb":{"runtime":12},"train_acc":0.10001851851851852,"val_loss":2.3027010365395424,"val_acc":0.09166666666666666,"test_acc":0.1,"_timestamp":1.7413532481886451e+09}