{"test_acc":0.8714,"_wandb":{"runtime":104},"train_loss":0.2420062697611987,"val_loss":0.33526087388564124,"train_acc":0.9080555555555555,"_timestamp":1.7413443337091088e+09,"val_acc":0.8785,"_runtime":104.6934601,"_step":10}