{"test_acc":0.8695,"train_loss":0.3080481168568909,"val_acc":0.877,"_runtime":52.433114,"_timestamp":1.7413571946236129e+09,"_step":10,"val_loss":0.3316535541991004,"train_acc":0.8871111111111111,"_wandb":{"runtime":52}}