{"train_loss":0.3587371459890819,"_wandb":{"runtime":56},"_step":10,"val_loss":0.37147731908885967,"test_acc":0.8534,"val_acc":0.8656666666666667,"_timestamp":1.7413592611438646e+09,"_runtime":56.1549466,"train_acc":0.870537037037037}