{"test_acc":0.8721,"_step":10,"train_acc":0.8940555555555556,"val_acc":0.8781666666666667,"_runtime":23.6428111,"_wandb":{"runtime":23},"train_loss":0.3644059482511202,"_timestamp":1.7413602171524892e+09,"val_loss":0.4050997410342043}