{"_timestamp":1.7413574617856758e+09,"test_acc":0.8609,"_step":10,"val_loss":0.3677047402927697,"val_acc":0.8685,"_runtime":31.2328772,"train_loss":0.34438194554154067,"train_acc":0.8768148148148148,"_wandb":{"runtime":31}}