{"_step":10,"train_acc":0.8906111111111111,"_wandb":{"runtime":17},"train_loss":0.29336182207211575,"test_acc":0.8702,"_runtime":17.4382254,"val_acc":0.8755,"_timestamp":1.741349484471748e+09,"val_loss":0.3437626824559558}