{"val_acc":0.8658333333333333,"train_loss":0.3556293957849009,"_step":10,"train_acc":0.8725,"_wandb":{"runtime":22},"val_loss":0.3734792291456892,"_runtime":22.6955371,"_timestamp":1.741342692836805e+09,"test_acc":0.8572}