{"val_loss":0.6776995863565558,"_step":5,"_wandb":{"runtime":32},"train_acc":0.8713518518518518,"_runtime":32.905311,"test_acc":0.8532,"epoch":5,"val_acc":0.863,"train_loss":0.6677456346464814,"_timestamp":1.7415244757103052e+09}