{"train_loss":0.39637504626276376,"_timestamp":1.7413550424486222e+09,"_wandb":{"runtime":85},"_runtime":85.0085613,"test_acc":0.8714,"val_loss":0.42197277063812416,"_step":10,"val_acc":0.8813333333333333,"train_acc":0.8902037037037037}