{"_step":10,"train_loss":0.38735079983685505,"val_loss":0.4504004778852423,"test_acc":0.8531,"_runtime":60.0598593,"train_acc":0.8815185185185185,"_wandb":{"runtime":60},"val_acc":0.862,"_timestamp":1.7413606434838378e+09}