{"train_loss":0.326294166490328,"val_loss":0.37000971757194806,"_step":5,"test_acc":0.8612,"val_acc":0.867,"_timestamp":1.7413434863172224e+09,"train_acc":0.8817037037037037,"_runtime":15.6702112,"_wandb":{"runtime":15}}