{"_timestamp":1.741360377622517e+09,"test_acc":0.8738,"val_acc":0.8836666666666667,"_runtime":40.4531461,"_wandb":{"runtime":40},"_step":10,"train_acc":0.9077777777777778,"val_loss":0.3193894391970031,"train_loss":0.2449556778064445}