{"_step":5,"test_acc":0.8783,"_wandb":{"runtime":45},"_timestamp":1.7413626215330186e+09,"val_loss":0.3213702348039896,"_runtime":45.0741134,"val_acc":0.8856666666666667,"train_acc":0.8900370370370371,"train_loss":0.3006329094357914}