{"train_loss":0.30384244723093556,"_wandb":{"runtime":134},"_timestamp":1.7413459870012681e+09,"_step":10,"train_acc":0.8878518518518519,"val_acc":0.8688333333333333,"test_acc":0.8667,"val_loss":0.34929760424821815,"_runtime":134.6435642}