{"val_acc":0.8505,"_step":10,"val_loss":0.47174451030576026,"train_acc":0.8820555555555556,"test_acc":0.8441,"_wandb":{"runtime":39},"train_loss":0.4027071345077225,"_timestamp":1.7413434620371695e+09,"_runtime":39.3564416}