{"_step":5,"test_acc":0.8707,"_runtime":26.7042466,"val_acc":0.8733333333333333,"train_loss":0.39019844275617616,"train_acc":0.8856481481481482,"val_loss":0.4230012243121946,"_timestamp":1.7413531762662177e+09,"_wandb":{"runtime":26}}