{"_runtime":7.263421,"val_loss":2.3027570473806995,"_timestamp":1.7413427054539936e+09,"_wandb":{"runtime":7},"val_acc":0.09166666666666666,"test_acc":0.1,"train_loss":2.3005891292614455,"_step":5,"train_acc":0.10003703703703704}