{"val_loss":0.34960292556845995,"train_loss":0.3223872977068464,"train_acc":0.8828518518518519,"_wandb":{"runtime":39},"_step":10,"_runtime":39.4257854,"test_acc":0.8675,"val_acc":0.8741666666666666,"_timestamp":1.741355278031183e+09}