{"train_loss":0.2822387856527949,"val_loss":0.33155345881218934,"_timestamp":1.7413533329855616e+09,"test_acc":0.8726,"_wandb":{"runtime":76},"train_acc":0.8956296296296297,"_runtime":76.0153221,"_step":10,"val_acc":0.8826666666666667}