{"_wandb":{"runtime":13},"_runtime":13.8068885,"_timestamp":1.7413536911884336e+09,"_step":5,"val_acc":0.09833333333333333,"val_loss":2.302841251473798,"train_loss":2.3029608940407673,"train_acc":0.09985185185185186,"test_acc":0.1}