{"_step":10,"_timestamp":1.7413574924708471e+09,"val_loss":0.8407979488267611,"train_loss":0.8626489400578834,"_runtime":24.7182189,"train_acc":0.6517407407407407,"val_acc":0.6365,"_wandb":{"runtime":24},"test_acc":0.6436}