{"val_loss":0.6108261012261915,"_timestamp":1.7413541977379973e+09,"_step":10,"_runtime":29.2552926,"_wandb":{"runtime":29},"val_acc":0.8106666666666666,"test_acc":0.8042,"train_loss":0.6074483682714933,"train_acc":0.815}