{"train_acc":0.9090370370370371,"_timestamp":1.7413607771369627e+09,"_step":10,"test_acc":0.8787,"val_loss":0.3458937970165995,"val_acc":0.8823333333333333,"train_loss":0.23915495131499376,"_wandb":{"runtime":55},"_runtime":55.7852558}