{"test_acc":0.8636,"train_loss":0.30971727016906275,"_runtime":64.380762,"_step":10,"train_acc":0.887462962962963,"_wandb":{"runtime":64},"val_loss":0.3596272036677952,"_timestamp":1.7413618979963806e+09,"val_acc":0.8783333333333333}