{"_timestamp":1.7413589019781115e+09,"train_loss":0.27008238565104814,"_wandb":{"runtime":38},"_runtime":38.7236507,"val_acc":0.8658333333333333,"_step":10,"train_acc":0.8965555555555556,"val_loss":0.368668558214216,"test_acc":0.862}