{"_timestamp":1.7413464002403765e+09,"_runtime":9.5462174,"_step":5,"train_loss":1.8333319454088368,"train_acc":0.43037037037037035,"test_acc":0.4679,"val_loss":1.635352473802248,"val_acc":0.47633333333333333,"_wandb":{"runtime":9}}