{"test_acc":0.8281,"_wandb":{"runtime":16},"_timestamp":1.7413627373259492e+09,"train_acc":0.8380925925925926,"_runtime":16.7121993,"train_loss":0.4490878409726346,"_step":10,"val_acc":0.839,"val_loss":0.45279190020809046}