{"_wandb":{"runtime":30},"test_acc":0.869,"val_acc":0.8816666666666667,"train_acc":0.8970185185185185,"_timestamp":1.7413592987534008e+09,"_runtime":30.0430149,"train_loss":0.2782764788391787,"val_loss":0.33097687631071704,"_step":10}