{"_wandb":{"runtime":63},"train_acc":0.8627222222222222,"val_acc":0.8666666666666667,"_step":5,"train_loss":0.4691243332716775,"_timestamp":1.7413437041458414e+09,"_runtime":63.6915467,"test_acc":0.8611,"val_loss":0.45712588037570734}