{"train_acc":0.8323148148148148,"val_acc":0.8341666666666666,"_step":10,"_timestamp":1.7413535842568161e+09,"train_loss":0.5236538046755165,"_runtime":46.6365561,"val_loss":0.5217176761182355,"test_acc":0.8179,"_wandb":{"runtime":46}}