{"val_acc":0.8753333333333333,"_runtime":34.1918589,"_step":10,"val_loss":0.34870064550235413,"test_acc":0.8634,"_wandb":{"runtime":34},"train_acc":0.894425925925926,"_timestamp":1.7413559032195551e+09,"train_loss":0.2867499212035738}