{"val_loss":0.4778762459717337,"_timestamp":1.7413552247593071e+09,"val_acc":0.8781666666666667,"_runtime":128.5760152,"train_loss":0.45148973190250635,"train_acc":0.8910555555555556,"_step":10,"_wandb":{"runtime":128},"test_acc":0.8721}