{"val_loss":2.3029746901247177,"_runtime":29.9405323,"_step":10,"test_acc":0.1,"_timestamp":1.741354161135175e+09,"train_loss":2.3010255097580705,"_wandb":{"runtime":29},"train_acc":0.10074074074074074,"val_acc":0.09166666666666666}