{"_wandb":{"runtime":286},"train_acc":0.8960185185185185,"val_loss":0.34440660500769893,"train_loss":0.2834619751571714,"test_acc":0.871,"val_acc":0.8766666666666667,"_runtime":286.470315,"_step":10,"_timestamp":1.74135984841473e+09}