{"_timestamp":1.7413441640440278e+09,"test_acc":0.8782,"val_loss":0.3271950006629426,"train_loss":0.24296713239853762,"_runtime":46.9053191,"train_acc":0.9079444444444444,"_step":10,"val_acc":0.8835,"_wandb":{"runtime":46}}