{"val_loss":0.316499102727465,"train_acc":0.9027962962962963,"_timestamp":1.7413499769158144e+09,"test_acc":0.8779,"_wandb":{"runtime":55},"_step":10,"val_acc":0.8888333333333334,"train_loss":0.26249308968882934,"_runtime":55.2287937}