{"_timestamp":1.7413431698852036e+09,"_step":10,"train_loss":0.30641491185699654,"_runtime":52.7427044,"test_acc":0.8606,"_wandb":{"runtime":52},"val_acc":0.8758333333333334,"val_loss":0.36111522415822006,"train_acc":0.8888703703703704}