{"_wandb":{"runtime":22},"val_loss":0.4346164307525804,"_timestamp":1.741347914326731e+09,"train_loss":0.3779062904668098,"train_acc":0.8829074074074074,"test_acc":0.8546,"val_acc":0.8641666666666666,"_runtime":22.6825286,"_step":10}