{"train_acc":0.8926851851851851,"val_acc":0.8695,"val_loss":0.35821628237507364,"train_loss":0.2886927078149919,"_timestamp":1.7413627840118246e+09,"_runtime":14.7201627,"_step":10,"test_acc":0.8662,"_wandb":{"runtime":14}}