{"test_acc":0.8605,"train_acc":0.8701296296296296,"val_loss":0.3769346572439684,"_timestamp":1.741353141114987e+09,"val_acc":0.8661666666666666,"_step":5,"_runtime":24.0365342,"train_loss":0.36249984614795194,"_wandb":{"runtime":24}}