{"val_loss":0.3681539173895577,"_runtime":26.063325,"train_loss":0.3350388988810889,"_step":10,"test_acc":0.8574,"val_acc":0.8648333333333333,"_wandb":{"runtime":26},"_timestamp":1.7413602516833873e+09,"train_acc":0.8792962962962962}