{"_step":5,"_runtime":10.1790156,"train_acc":0.09977777777777778,"val_loss":24.014218379891894,"train_loss":25.951609789983344,"_wandb":{"runtime":10},"test_acc":0.1,"val_acc":0.10183333333333333,"_timestamp":1.7413537315355198e+09}