{"_wandb":{"runtime":60},"_runtime":60.7949197,"_step":10,"val_acc":0.8833333333333333,"test_acc":0.8751,"val_loss":0.409541512180718,"_timestamp":1.741362975595366e+09,"train_loss":0.3607389872195577,"train_acc":0.898074074074074}