{"_step":10,"val_loss":0.35666910900275534,"test_acc":0.8701,"_runtime":143.5146745,"_wandb":{"runtime":143},"train_acc":0.9049444444444444,"train_loss":0.25546262451165525,"val_acc":0.8766666666666667,"_timestamp":1.7413473001047711e+09}