{"test_acc":0.1,"_wandb":{"runtime":65},"val_loss":2.3027858446703937,"_step":10,"train_acc":0.10092592592592593,"_timestamp":1.7413540051374469e+09,"train_loss":2.3026711131323747,"val_acc":0.09166666666666666,"_runtime":65.2060486}