{"train_acc":0.8815185185185185,"_step":10,"_runtime":12.2470707,"train_loss":0.31912575980752456,"val_acc":0.8771666666666667,"test_acc":0.8625,"_wandb":{"runtime":12},"val_loss":0.36171019705522983,"_timestamp":1.7413583104363253e+09}