{"val_acc":0.8766666666666667,"test_acc":0.8677,"_wandb":{"runtime":28},"_step":10,"_runtime":28.8666238,"train_loss":0.3906220514438757,"train_acc":0.8852222222222222,"val_loss":0.41678348209195815,"_timestamp":1.7413627071007178e+09}