{"_step":10,"train_acc":0.8710925925925926,"_wandb":{"runtime":99},"test_acc":0.8577,"_runtime":99.8642433,"_timestamp":1.7413489453556578e+09,"val_loss":0.4506510013607228,"val_acc":0.8701666666666666,"train_loss":0.4422745983398885}