{"_wandb":{"runtime":35},"val_acc":0.8706666666666667,"_timestamp":1.7413578056843653e+09,"_runtime":35.1134151,"train_acc":0.8907037037037037,"test_acc":0.8607,"val_loss":0.35420711437292396,"_step":10,"train_loss":0.29360992631991656}