{"_wandb":{"runtime":96},"_runtime":96.7683679,"val_acc":0.8861666666666667,"test_acc":0.8807,"_timestamp":1.741361310683205e+09,"_step":10,"val_loss":0.31133157926931576,"train_loss":0.2504123500541863,"train_acc":0.907074074074074}