{"_step":10,"test_acc":0.8718,"_runtime":131.5211022,"_timestamp":1.7413496943818662e+09,"val_loss":0.33955720544812423,"val_acc":0.882,"_wandb":{"runtime":131},"train_loss":0.25190090911182716,"train_acc":0.9065185185185185}