{"train_acc":0.8846481481481482,"train_loss":0.4534695699873427,"val_acc":0.8758333333333334,"val_loss":0.47694945024060614,"_timestamp":1.741355371549283e+09,"_step":10,"_wandb":{"runtime":79},"_runtime":79.6876003,"test_acc":0.8683}