{"test_acc":0.1,"val_acc":0.09166666666666666,"_step":10,"train_loss":2.3019285696083314,"val_loss":2.3027414075535946,"_wandb":{"runtime":47},"train_acc":0.10092592592592593,"_timestamp":1.7413536449623961e+09,"_runtime":47.1233666}