{"_wandb":{"runtime":126},"_timestamp":1.7413509042443013e+09,"_step":10,"val_acc":0.8641666666666666,"train_acc":0.8621481481481481,"_runtime":126.227457,"test_acc":0.8534,"val_loss":0.5403484284677,"train_loss":0.5485695566933468}