{"_timestamp":1.7413591718413203e+09,"test_acc":0.8664,"_step":5,"_wandb":{"runtime":42},"train_loss":0.2926083202216976,"train_acc":0.8897777777777778,"val_acc":0.871,"_runtime":42.6397327,"val_loss":0.35309477017649943}