{"train_loss":0.4338605813907902,"train_acc":0.8717407407407407,"val_loss":0.46939295488771415,"test_acc":0.8536,"_runtime":65.5942591,"_wandb":{"runtime":65},"_step":10,"val_acc":0.8548333333333333,"_timestamp":1.7413465045070183e+09}