{"_step":10,"train_loss":0.4241210834210994,"_runtime":31.1600481,"val_loss":0.471620002192712,"test_acc":0.8476,"_wandb":{"runtime":31},"train_acc":0.8740740740740741,"_timestamp":1.7413532294761472e+09,"val_acc":0.859}