{"val_loss":0.35880766816614346,"test_acc":0.8633,"_runtime":69.1161447,"train_acc":0.8976666666666666,"_timestamp":1.7413507729836385e+09,"val_acc":0.8755,"_wandb":{"runtime":69},"_step":10,"train_loss":0.27461804467915935}