{"_timestamp":1.7413613814306474e+09,"val_acc":0.8316666666666667,"train_acc":0.8472962962962963,"test_acc":0.8278,"_step":10,"train_loss":0.4736848140601698,"val_loss":0.5138736622656691,"_wandb":{"runtime":14},"_runtime":14.6718903}