{"train_acc":0.8592222222222222,"val_acc":0.8546666666666667,"_runtime":23.8989595,"test_acc":0.8488,"_wandb":{"runtime":23},"_timestamp":1.7413555358447807e+09,"_step":10,"train_loss":0.39423693484445976,"val_loss":0.400162933825743}