{"val_loss":0.3387101554354388,"_timestamp":1.7413554638797443e+09,"val_acc":0.8825,"test_acc":0.8715,"train_loss":0.275058681859411,"_wandb":{"runtime":85},"train_acc":0.8971666666666667,"_runtime":85.832581,"_step":10}