{"_step":10,"train_loss":0.37852279604894673,"_timestamp":1.7413599262230313e+09,"_wandb":{"runtime":15},"train_acc":0.8732777777777778,"val_loss":0.4482823605890406,"val_acc":0.851,"_runtime":15.8073098,"test_acc":0.8471}