{"_runtime":273.3601213,"_step":10,"_wandb":{"runtime":273},"val_loss":1.1944292121353026,"test_acc":0.5883,"val_acc":0.5888333333333333,"_timestamp":1.7413513919478202e+09,"train_acc":0.5798333333333333,"train_loss":1.217601232618505}