{"train_loss":0.35458531793679915,"_step":10,"_wandb":{"runtime":16},"_runtime":16.3389692,"val_loss":0.3991685862032635,"val_acc":0.864,"test_acc":0.8581,"_timestamp":1.7413504112639751e+09,"train_acc":0.8776851851851852}