{"_timestamp":1.7413614929333396e+09,"_step":10,"val_acc":0.8761666666666666,"val_loss":0.4466063300937364,"_runtime":103.764021,"_wandb":{"runtime":103},"test_acc":0.8637,"train_acc":0.8852592592592593,"train_loss":0.4021474937222856}