{"val_acc":0.8586666666666667,"_runtime":17.344102,"val_loss":0.38840622041889994,"_wandb":{"runtime":17},"_timestamp":1.741358778821266e+09,"train_acc":0.8679444444444444,"test_acc":0.8526,"_step":10,"train_loss":0.3745959715401594}