{"_timestamp":1.7413573131887598e+09,"train_loss":0.4016745009253307,"val_loss":0.4170894019687771,"_step":10,"_runtime":27.2630512,"val_acc":0.8688333333333333,"test_acc":0.86,"_wandb":{"runtime":27},"train_acc":0.8776111111111111}