{"_wandb":{"runtime":75},"train_loss":0.2851698288360357,"_timestamp":1.741346273819754e+09,"_step":10,"_runtime":75.9636622,"val_acc":0.882,"train_acc":0.8947037037037037,"test_acc":0.8724,"val_loss":0.3279993556700691}