{"_runtime":22.4966657,"val_loss":0.4192184322499,"test_acc":0.8599,"_timestamp":1.7413456543824134e+09,"_wandb":{"runtime":22},"_step":10,"train_loss":0.36713700134212035,"val_acc":0.8715,"train_acc":0.8900925925925925}