{"_timestamp":1.7413439436005986e+09,"train_acc":0.9102222222222223,"val_loss":0.36466834335696036,"_runtime":97.2436156,"train_loss":0.23764172102569703,"val_acc":0.8638333333333333,"_wandb":{"runtime":97},"test_acc":0.8571,"_step":10}