{"train_loss":0.30383681468774604,"val_acc":0.8795,"test_acc":0.8751,"_timestamp":1.741360712757046e+09,"_runtime":13.304275,"_wandb":{"runtime":13},"train_acc":0.8871666666666667,"_step":5,"val_loss":0.32673715046310076}