{"_wandb":{"runtime":12},"train_loss":0.4089885474305212,"val_acc":0.8546666666666667,"_timestamp":1.741344352298068e+09,"train_acc":0.8607037037037037,"test_acc":0.8461,"_step":5,"val_loss":0.4168741568292958,"_runtime":12.0814151}