{"train_loss":0.26376127721008846,"val_loss":0.32708787020692204,"_timestamp":1.7413501303964508e+09,"_runtime":48.7240248,"val_acc":0.8838333333333334,"train_acc":0.9022777777777777,"_step":10,"_wandb":{"runtime":48},"test_acc":0.8753}