{"val_acc":0.8686666666666667,"val_loss":0.4304336000501979,"train_acc":0.8843148148148148,"_wandb":{"runtime":49},"test_acc":0.8604,"_step":10,"_runtime":49.0415529,"_timestamp":1.7413601086768029e+09,"train_loss":0.3873234591109573}