{"val_loss":0.3412099522037037,"val_acc":0.8808333333333334,"test_acc":0.8734,"train_acc":0.9066851851851851,"_wandb":{"runtime":49},"_timestamp":1.7413608663779168e+09,"_runtime":49.3063324,"_step":10,"train_loss":0.2449591014669657}