{"_timestamp":1.7413452389370823e+09,"_wandb":{"runtime":103},"train_acc":0.8810925925925925,"val_acc":0.8675,"train_loss":0.40558901994580177,"val_loss":0.45397196133063705,"_step":10,"test_acc":0.8608,"_runtime":103.1906809}