{"train_loss":0.32495399844635936,"_runtime":27.7122179,"train_acc":0.8830555555555556,"val_loss":0.39013825479305675,"test_acc":0.8496,"val_acc":0.8585,"_wandb":{"runtime":27},"_timestamp":1.7413559714809616e+09,"_step":10}