{"_runtime":28.0329542,"_step":10,"_timestamp":1.7413452748060975e+09,"test_acc":0.6577,"val_loss":0.9066495091829632,"train_acc":0.652,"train_loss":0.9254679541081853,"val_acc":0.6581666666666667,"_wandb":{"runtime":28}}