{"_timestamp":1.7413530128842375e+09,"train_acc":0.8552962962962963,"_wandb":{"runtime":15},"_runtime":15.1836631,"val_loss":0.4755628185079495,"val_acc":0.8536666666666667,"test_acc":0.851,"train_loss":0.4744119612706588,"_step":5}