{"train_acc":0.8882222222222222,"_step":10,"val_loss":0.3377334197342282,"val_acc":0.8813333333333333,"test_acc":0.8693,"_timestamp":1.7413590521491354e+09,"_runtime":39.2137063,"_wandb":{"runtime":39},"train_loss":0.30044372027626737}