{"_step":10,"test_acc":0.8712,"_timestamp":1.741349199928879e+09,"val_loss":0.340931208456037,"_runtime":62.0104686,"val_acc":0.8796666666666667,"train_loss":0.2672179331033935,"_wandb":{"runtime":62},"train_acc":0.9009074074074074}