{"_runtime":100.8908753,"_timestamp":1.7413466617067027e+09,"train_acc":0.8960370370370371,"val_loss":0.3382438042502155,"train_loss":0.2783115770516287,"val_acc":0.8875,"test_acc":0.8754,"_step":10,"_wandb":{"runtime":100}}