{"_runtime":31.0076122,"_step":10,"train_loss":0.35151555252677347,"val_acc":0.8618333333333333,"_timestamp":1.7413565885378282e+09,"_wandb":{"runtime":31},"test_acc":0.8548,"train_acc":0.8740740740740741,"val_loss":0.38969166318143}