{"val_acc":0.867,"_timestamp":1.7413504766497355e+09,"_step":10,"train_loss":0.5908649618220235,"_runtime":59.4437906,"_wandb":{"runtime":59},"train_acc":0.8587962962962963,"test_acc":0.8526,"val_loss":0.5738598264932501}