{"train_acc":0.869574074074074,"test_acc":0.8575,"train_loss":0.42518254985488485,"_wandb":{"runtime":14},"_runtime":14.979311299999999,"val_acc":0.8685,"_timestamp":1.7413427931453846e+09,"_step":5,"val_loss":0.4319116335673302}