{"train_acc":0.8862407407407408,"_timestamp":1.741356673175791e+09,"train_loss":0.3138871598015483,"val_acc":0.8656666666666667,"_wandb":{"runtime":78},"val_loss":0.3868929773517528,"_runtime":78.3488867,"_step":10,"test_acc":0.8627}