{"_wandb":{"runtime":62},"train_loss":0.2689894695083369,"val_loss":0.3346013003774093,"val_acc":0.8791666666666667,"test_acc":0.8643,"train_acc":0.8989814814814815,"_timestamp":1.741344083440363e+09,"_step":10,"_runtime":62.125582}