{"_runtime":34.4265234,"train_acc":0.8729259259259259,"_wandb":{"runtime":34},"test_acc":0.8551,"train_loss":0.3534857963930275,"val_acc":0.865,"_step":10,"_timestamp":1.7413594945836375e+09,"val_loss":0.37091249395902476}