{"train_acc":0.6381481481481481,"_timestamp":1.7415243170549285e+09,"_runtime":4.5054999,"val_acc":0.7293333333333333,"train_loss":0.9096548687828451,"_wandb":{"runtime":4},"val_loss":0.6993707388841803,"test_confusion_matrix":{"sha256":"c00012de033fb3da68e9bf1f1134099f505e311fddc45513eb9f435dbe0b1286","size":90322,"path":"media/images/test_confusion_matrix_1_c00012de033fb3da68e9.png","format":"png","width":2000,"height":1500,"_type":"image-file"},"epoch":1,"_step":2,"test_acc":0.7199}