{"_wandb":{"runtime":84},"val_acc":0.8873333333333333,"train_acc":0.9092222222222223,"_runtime":84.8177187,"_step":10,"test_acc":0.8758,"val_loss":0.30988170243000224,"_timestamp":1.741360054545665e+09,"train_loss":0.23658535190619714}