{"_runtime":18.2052247,"test_acc":0.7848,"_step":5,"val_loss":0.896891699765962,"val_acc":0.7825,"_timestamp":1.7413536689989014e+09,"train_acc":0.7803333333333333,"_wandb":{"runtime":18},"train_loss":0.8838057370249329}