{"_timestamp":1.7413538544890242e+09,"val_acc":0.09166666666666666,"train_loss":2.305476813431964,"test_acc":0.1,"train_acc":0.10048148148148148,"_runtime":31.667923000000002,"_step":5,"_wandb":{"runtime":31},"val_loss":2.306453088551067}