{"_step":10,"train_loss":0.5981014005539641,"_runtime":65.4691069,"_wandb":{"runtime":65},"val_loss":0.6013557567306719,"test_acc":0.7765,"_timestamp":1.7413556669160998e+09,"val_acc":0.7785,"train_acc":0.7781481481481481}