{"train_acc":0.9111851851851852,"_runtime":74.4561011,"val_acc":0.8806666666666667,"test_acc":0.8746,"val_loss":0.3255043403080631,"_timestamp":1.7413603321021674e+09,"_wandb":{"runtime":74},"train_loss":0.2307881223695149,"_step":10}