{"train_acc":0.8912777777777777,"_timestamp":1.7413531111920207e+09,"_runtime":42.6535771,"val_acc":0.8803333333333333,"val_loss":0.3305105666184662,"_step":5,"train_loss":0.28949075579900163,"test_acc":0.8724,"_wandb":{"runtime":42}}