{"_step":5,"test_acc":0.8621,"_wandb":{"runtime":33},"train_acc":0.8842037037037037,"_timestamp":1.7413434133645408e+09,"val_acc":0.8693333333333333,"val_loss":0.3622495999718347,"train_loss":0.31340286596243283,"_runtime":33.2103135}