{"train_loss":0.3799211697123594,"val_loss":0.417786953551659,"_timestamp":1.7413576324493475e+09,"val_acc":0.8765,"test_acc":0.8668,"_step":10,"train_acc":0.8888333333333334,"_wandb":{"runtime":31},"_runtime":31.7626708}