{"Loss":0.1482191361464809,"_wandb":{"runtime":13},"_timestamp":1.7413335451756628e+09,"_runtime":13.2824981,"_step":29}