{"train_loss":0.35611751605193853,"_timestamp":1.7413529556524005e+09,"val_acc":0.8713333333333333,"test_acc":0.8632,"_runtime":27.3520412,"train_acc":0.8725185185185185,"_step":5,"_wandb":{"runtime":27},"val_loss":0.3625624592143693}