{"val_acc":0.873,"test_acc":0.862,"_wandb":{"runtime":63},"_runtime":63.4789685,"val_loss":0.4320396296717682,"_timestamp":1.7413468816170049e+09,"train_acc":0.8895555555555555,"train_loss":0.3712847894895714,"_step":10}