{"_wandb":{"runtime":47},"_runtime":47.6540753,"train_acc":0.8811296296296296,"val_loss":0.43391310705333036,"_timestamp":1.7413599049543407e+09,"_step":10,"train_loss":0.3940706333767444,"test_acc":0.8599,"val_acc":0.869}