{"_step":10,"_timestamp":1.7413559383771753e+09,"train_loss":0.8106867428754161,"val_acc":0.7106666666666667,"test_acc":0.7114,"_wandb":{"runtime":26},"val_loss":0.8112706327790544,"_runtime":26.624855,"train_acc":0.7043703703703704}