{"_wandb":{"runtime":88},"train_acc":0.8564259259259259,"train_loss":0.5689794714725174,"test_acc":0.8489,"_timestamp":1.7413509995246098e+09,"val_loss":0.5583494813781377,"_step":10,"_runtime":88.6618839,"val_acc":0.8558333333333333}