{"test_acc":0.8755,"_step":10,"val_acc":0.879,"_runtime":77.6419479,"_timestamp":1.741358754407711e+09,"val_loss":0.3390377083834651,"train_acc":0.8992962962962963,"_wandb":{"runtime":77},"train_loss":0.2742689181185542}