{"val_loss":0.605303352921224,"train_loss":0.5392919589116354,"_timestamp":1.7413500731885688e+09,"test_acc":0.8266,"_wandb":{"runtime":82},"_runtime":82.6581228,"train_acc":0.865574074074074,"val_acc":0.8373333333333334,"_step":10}