{"_step":10,"train_loss":0.28432383205040745,"train_acc":0.8971666666666667,"_runtime":42.4841897,"val_loss":0.3479671813442924,"_wandb":{"runtime":42},"val_acc":0.8783333333333333,"test_acc":0.8694,"_timestamp":1.74134483472083e+09}