{"val_acc":0.8568333333333333,"val_loss":0.42893724284606644,"train_acc":0.8929259259259259,"test_acc":0.8504,"_timestamp":1.741361018990102e+09,"train_loss":0.28831174295387685,"_step":10,"_runtime":31.5989019,"_wandb":{"runtime":31}}