{"test_acc":0.7882,"train_acc":0.7913148148148148,"_wandb":{"runtime":17},"train_loss":0.8531891554426059,"_step":10,"_timestamp":1.741362079214304e+09,"val_loss":0.8759932098949588,"val_acc":0.7908333333333334,"_runtime":17.0193545}