{"train_acc":0.852,"_step":10,"test_acc":0.8358,"_runtime":26.4955871,"_wandb":{"runtime":26},"val_acc":0.8396666666666667,"_timestamp":1.7413567955842693e+09,"train_loss":0.45939878353455477,"val_loss":0.513082157078025}