{"test_acc":0.7144,"val_loss":0.7546702055218893,"epoch":1,"_timestamp":1.7415217014942672e+09,"train_acc":0.5963148148148149,"val_acc":0.706,"_step":2,"train_loss":0.9879757192275512,"_wandb":{"runtime":4},"_runtime":4.6379325,"test_confusion_matrix":{"format":"png","width":2000,"height":1500,"_type":"image-file","sha256":"c6bb3508fc838b13a90397da34a495f325f5455fa98dbd3071706452ec08459b","size":93341,"path":"media/images/test_confusion_matrix_1_c6bb3508fc838b13a903.png"}}