{"_wandb":{"runtime":111},"train_loss":0.43136154267235727,"_timestamp":1.7413547092655077e+09,"test_acc":0.8701,"val_acc":0.8848333333333334,"_step":10,"_runtime":111.4639144,"val_loss":0.46189811729921226,"train_acc":0.8896296296296297}