{"_wandb":{"runtime":34},"_timestamp":1.7413601568957684e+09,"_runtime":34.5744821,"train_loss":0.27422862608405607,"val_acc":0.8711666666666666,"_step":10,"test_acc":0.8677,"val_loss":0.36398245803322926,"train_acc":0.8977592592592593}