{"_timestamp":1.7413564596073277e+09,"_wandb":{"runtime":183},"train_loss":0.30847816921446825,"_step":10,"train_acc":0.8858518518518519,"test_acc":0.8587,"val_acc":0.8668333333333333,"val_loss":0.361760148229352,"_runtime":183.2334529}