{"_wandb":{"runtime":29},"_runtime":29.3528731,"train_loss":0.391723420597636,"val_loss":0.42802941423529217,"_timestamp":1.7413604993714213e+09,"train_acc":0.8817962962962963,"test_acc":0.8594,"val_acc":0.8638333333333333,"_step":10}