{"train_loss":0.30660887824265437,"_runtime":12.7155664,"_step":5,"val_acc":0.8696666666666667,"test_acc":0.8647,"train_acc":0.8851666666666667,"val_loss":0.34825100143459925,"_timestamp":1.741362755712811e+09,"_wandb":{"runtime":12}}