{"val_loss":0.3332112360665798,"_timestamp":1.7413608093544436e+09,"_runtime":24.3506805,"train_acc":0.8992777777777777,"_step":10,"val_acc":0.8766666666666667,"train_loss":0.26723668902057285,"test_acc":0.8696,"_wandb":{"runtime":24}}