{"val_loss":0.3481413826100537,"train_loss":0.2992127469266675,"test_acc":0.8706,"val_acc":0.8765,"_wandb":{"runtime":25},"train_acc":0.8916111111111111,"_timestamp":1.7413463663500457e+09,"_runtime":25.0205344,"_step":10}