{"_wandb":{"runtime":25},"val_acc":0.8708333333333333,"val_loss":0.36243926398510873,"test_acc":0.8616,"_timestamp":1.7413588567533672e+09,"train_loss":0.34075579029656033,"train_acc":0.8764074074074074,"_runtime":25.5787932,"_step":10}