{"val_loss":0.31218001854187544,"val_acc":0.8913333333333333,"_step":10,"test_acc":0.8791,"train_loss":0.23694565977916823,"_timestamp":1.7413630742015014e+09,"train_acc":0.9109074074074074,"_wandb":{"runtime":90},"_runtime":90.2431401}