{"_timestamp":1.7413447663449626e+09,"train_acc":0.9067407407407407,"val_acc":0.8713333333333333,"val_loss":0.3451021467416847,"_runtime":96.2030174,"train_loss":0.24810485359155135,"_step":10,"test_acc":0.8656,"_wandb":{"runtime":96}}