{"_timestamp":1.741354124251201e+09,"test_acc":0.1,"_wandb":{"runtime":40},"train_acc":0.10138888888888889,"val_acc":0.09166666666666666,"val_loss":2.305612735524995,"train_loss":2.3055721982574715,"_runtime":40.8014802,"_step":5}