{"_wandb":{"runtime":124},"train_acc":0.8938518518518519,"val_loss":0.4092888629981226,"val_acc":0.8831666666666667,"_step":10,"train_loss":0.3639254155247355,"_timestamp":1.7413470112129228e+09,"_runtime":124.0105261,"test_acc":0.874}