{"train_acc":0.8733333333333333,"val_loss":0.3925432216118804,"test_acc":0.8538,"_wandb":{"runtime":19},"train_loss":0.3523141289756847,"val_acc":0.8616666666666667,"_timestamp":1.7413452988017044e+09,"_runtime":19.9868774,"_step":10}