{"_runtime":29.1352142,"_timestamp":1.7413537667216785e+09,"train_loss":2.302622584247217,"_wandb":{"runtime":29},"val_loss":2.302732027752408,"train_acc":0.10064814814814815,"test_acc":0.1,"_step":10,"val_acc":0.09166666666666666}