{"val_acc":0.8673333333333333,"_step":10,"train_loss":0.533447310991523,"val_loss":0.5458986257459836,"test_acc":0.8547,"_runtime":37.7188434,"train_acc":0.8693703703703703,"_timestamp":1.7413491323088667e+09,"_wandb":{"runtime":37}}