{"_wandb":{"runtime":22},"_timestamp":1.741361055756307e+09,"val_acc":0.8675,"train_loss":0.3485895035165762,"train_acc":0.8757222222222222,"val_loss":0.37700663574848226,"test_acc":0.8576,"_step":10,"_runtime":22.8092909}