{"_timestamp":1.741347886290583e+09,"test_acc":0.8678,"_wandb":{"runtime":148},"val_acc":0.8763333333333333,"_step":10,"train_acc":0.8853703703703704,"_runtime":148.9198433,"val_loss":0.4268691899350534,"train_loss":0.37863343057229143}