{"_step":7,"_wandb":{"runtime":1},"acc":0.791814720515098,"loss":0.16585555211961078,"_timestamp":1.7410922637462244e+09,"_runtime":1.9952309000000001}