{"train_acc":0.8752222222222222,"train_loss":0.42179332880063003,"val_loss":0.4391597143218108,"_step":10,"_timestamp":1.7413557918178337e+09,"_wandb":{"runtime":24},"_runtime":24.7362489,"test_acc":0.8631,"val_acc":0.8728333333333333}