{"_wandb":{"runtime":26},"val_loss":0.4301121420011324,"_runtime":26.021512,"_step":10,"test_acc":0.8664,"train_loss":0.3614662629410249,"_timestamp":1.7413615263197584e+09,"train_acc":0.8953333333333333,"val_acc":0.8793333333333333}