{"val_acc":0.09166666666666666,"_runtime":34.9413285,"test_acc":0.1,"train_acc":0.10055555555555555,"_step":10,"train_loss":2.3026155908720627,"val_loss":2.302743428101153,"_timestamp":1.7413626700078115e+09,"_wandb":{"runtime":34}}