{"val_acc":0.8706666666666667,"_step":10,"train_acc":0.8961296296296296,"_runtime":129.0094063,"train_loss":0.27497127996583215,"_wandb":{"runtime":129},"test_acc":0.8651,"_timestamp":1.7413471483347044e+09,"val_loss":0.35683522636758175}