{"test_acc":0.8717,"_step":10,"val_acc":0.8811666666666667,"_wandb":{"runtime":93},"train_loss":0.2767379789716664,"train_acc":0.8986666666666666,"val_loss":0.33205947274898245,"_runtime":93.1834021,"_timestamp":1.7413586679424279e+09}