{"_timestamp":1.74136249401213e+09,"train_acc":0.8829444444444444,"test_acc":0.8687,"val_loss":0.34939811306188767,"_runtime":39.6610056,"_wandb":{"runtime":39},"train_loss":0.32360167831718717,"val_acc":0.8748333333333334,"_step":10}