{"train_acc":0.8931296296296296,"val_acc":0.8768333333333334,"_runtime":39.462952,"_wandb":{"runtime":39},"_timestamp":1.741357277356883e+09,"_step":10,"train_loss":0.29132523157492785,"val_loss":0.35118546447146026,"test_acc":0.8727}