{"train_loss":0.349119437820547,"train_acc":0.8759259259259259,"_wandb":{"runtime":26},"test_acc":0.8627,"_step":10,"_timestamp":1.741354883387965e+09,"val_loss":0.3617617031173416,"val_acc":0.8738333333333334,"_runtime":26.0563589}