{"val_acc":0.8778333333333334,"train_acc":0.891537037037037,"_runtime":70.4950807,"test_acc":0.8711,"train_loss":0.28669200585536764,"_timestamp":1.741362163914691e+09,"_step":10,"_wandb":{"runtime":70},"val_loss":0.34336636550134075}