{"_runtime":42.4701929,"val_loss":0.3239328221968156,"_timestamp":1.7413473568464804e+09,"_wandb":{"runtime":42},"_step":10,"test_acc":0.8755,"val_acc":0.8848333333333334,"train_acc":0.9047037037037037,"train_loss":0.2549665490357088}