{"val_loss":0.3398952547188425,"_wandb":{"runtime":117},"train_loss":0.26361713260347525,"_step":10,"train_acc":0.9012777777777777,"_timestamp":1.7413570888339465e+09,"val_acc":0.8791666666666667,"test_acc":0.8728,"_runtime":117.846396}