{"_step":10,"train_loss":0.38948182305375445,"train_acc":0.8862407407407408,"val_acc":0.8658333333333333,"_wandb":{"runtime":28},"_timestamp":1.7413610980727115e+09,"test_acc":0.8565,"val_loss":0.4554471324357001,"_runtime":28.704748}