{"_timestamp":1.741359086078141e+09,"_runtime":20.4397644,"val_acc":0.8678333333333333,"_wandb":{"runtime":20},"_step":10,"train_loss":0.3319819217420154,"test_acc":0.8576,"train_acc":0.8800925925925925,"val_loss":0.3691742457628829}