{"_step":10,"train_acc":0.8970555555555556,"val_acc":0.8738333333333334,"test_acc":0.8666,"_wandb":{"runtime":18},"_timestamp":1.7413445232438731e+09,"val_loss":0.3519919245993359,"_runtime":18.7368488,"train_loss":0.27623360937563224}