{"_timestamp":1.7413460220739667e+09,"test_acc":0.8666,"val_loss":0.3537296743180055,"_step":10,"train_acc":0.8911666666666667,"_runtime":15.4567052,"val_acc":0.8801666666666667,"train_loss":0.29112918795347187,"_wandb":{"runtime":15}}