{"_timestamp":1.7413460845994196e+09,"train_loss":0.39528803754232217,"_wandb":{"runtime":34},"_runtime":34.7502921,"val_acc":0.8705,"val_loss":0.42566633952716293,"train_acc":0.8801296296296296,"_step":10,"test_acc":0.8612}