{"val_loss":0.36414735240431584,"_step":5,"_timestamp":1.741344112520545e+09,"_runtime":21.9633251,"train_loss":0.32027134820374153,"train_acc":0.8810370370370371,"val_acc":0.8728333333333333,"test_acc":0.8658,"_wandb":{"runtime":21}}