{"train_loss":0.361065159005755,"val_acc":0.8643333333333333,"val_loss":0.39590917077444177,"_timestamp":1.7413606928364809e+09,"test_acc":0.8586,"_step":10,"_wandb":{"runtime":30},"train_acc":0.8764444444444445,"_runtime":30.7508351}