{"train_loss":0.027872345388737417,"_step":2,"_wandb":{"runtime":13},"_timestamp":1.741524169004817e+09,"test_acc":0.8381,"test_confusion_matrix":{"height":1500,"_type":"image-file","sha256":"0e1360bdc7873580418196ef6018031bcf0f2f80bd04c8d8b3360ae35790825c","size":91102,"path":"media/images/test_confusion_matrix_1_0e1360bdc78735804181.png","format":"png","width":2000},"_runtime":13.5477748,"epoch":1,"val_loss":0.02190711766724056,"val_acc":0.8446666666666667,"train_acc":0.8061296296296296}