{"val_loss":0.3462429845990377,"train_acc":0.890537037037037,"_timestamp":1.7413442204713051e+09,"_step":10,"_runtime":23.4440941,"test_acc":0.871,"train_loss":0.3037094914658267,"val_acc":0.8778333333333334,"_wandb":{"runtime":23}}