{"val_acc":0.8831666666666667,"test_acc":0.8726,"train_loss":0.2649787453647787,"_runtime":124.8467662,"_timestamp":1.7413544948476043e+09,"_step":10,"train_acc":0.9025185185185185,"_wandb":{"runtime":124},"val_loss":0.3206973407671757}