{"val_acc":0.8328333333333333,"train_loss":0.4597994239819035,"train_acc":0.8520185185185185,"_timestamp":1.7413605550407383e+09,"_runtime":25.351745,"val_loss":0.5251109532599485,"_step":10,"test_acc":0.826,"_wandb":{"runtime":25}}