{"_step":10,"train_loss":0.4108462917917108,"val_loss":0.45720622238085995,"_wandb":{"runtime":22},"train_acc":0.858574074074074,"_timestamp":1.7413591156472871e+09,"val_acc":0.8458333333333333,"_runtime":22.7977911,"test_acc":0.8408}