{"train_acc":0.8901111111111111,"train_loss":0.29186843722575223,"_wandb":{"runtime":33},"_timestamp":1.7413575328092031e+09,"_runtime":33.0705808,"val_acc":0.8743333333333333,"val_loss":0.3458335270967046,"_step":10,"test_acc":0.8656}