{"_step":5,"val_loss":0.3571590860711024,"train_acc":0.8712407407407408,"val_acc":0.869,"train_loss":0.3486604703622513,"_runtime":45.6835413,"test_acc":0.8608,"_timestamp":1.7413424718954186e+09,"_wandb":{"runtime":45}}