{"_runtime":43.705588,"train_acc":0.7942777777777777,"test_acc":0.78,"val_loss":0.5837465176159016,"_wandb":{"runtime":43},"train_loss":0.5670455499853557,"_timestamp":1.741355587467077e+09,"val_acc":0.7846666666666666,"_step":10}