{"_wandb":{"runtime":88},"train_acc":0.09937037037037037,"val_loss":2.3029805068188334,"_timestamp":1.7413629076228602e+09,"_step":10,"train_loss":2.3021854311556216,"test_acc":0.1,"val_acc":0.09833333333333333,"_runtime":88.589106}