{"test_acc":0.8658,"_wandb":{"runtime":29},"_runtime":29.0933949,"_step":10,"val_loss":0.359975177259705,"val_acc":0.8753333333333333,"train_loss":0.29026683132461994,"_timestamp":1.741351062105739e+09,"train_acc":0.8936851851851851}