{"val_loss":0.6646364380833014,"val_acc":0.7413333333333333,"test_confusion_matrix":{"path":"media/images/test_confusion_matrix_1_4699fa727f7a4f926164.png","format":"png","width":2000,"height":1500,"_type":"image-file","sha256":"4699fa727f7a4f926164e012aaf2062e703ca72de2abae03ac69d9dafff6ba42","size":91654},"test_acc":0.7404,"_runtime":4.5423508,"_timestamp":1.7415245122721968e+09,"_wandb":{"runtime":4},"epoch":1,"train_acc":0.6647037037037037,"train_loss":0.8501509363290015,"_step":2}