{"test_acc":0.8704,"_timestamp":1.7413530450177875e+09,"val_loss":0.3418350197696315,"_wandb":{"runtime":25},"_runtime":25.8207008,"_step":5,"train_loss":0.2857083459148321,"train_acc":0.8927222222222222,"val_acc":0.8811666666666667}