{"_timestamp":1.741355759819223e+09,"test_acc":0.8698,"train_acc":0.8976666666666666,"train_loss":0.27618706247446984,"val_loss":0.3404751903903525,"val_acc":0.8801666666666667,"_step":10,"_wandb":{"runtime":30},"_runtime":30.0808337}